--
-- PostgreSQL database dump
--

-- Dumped from database version 17.4
-- Dumped by pg_dump version 17.4

SET statement_timeout = 0;
SET lock_timeout = 0;
SET idle_in_transaction_session_timeout = 0;
SET transaction_timeout = 0;
SET client_encoding = 'UTF8';
SET standard_conforming_strings = on;
SELECT pg_catalog.set_config('search_path', '', false);
SET check_function_bodies = false;
SET xmloption = content;
SET client_min_messages = warning;
SET row_security = off;

SET default_tablespace = '';

SET default_table_access_method = heap;

--
-- Name: analyse_ia_nlp_scores; Type: TABLE; Schema: public; Owner: postgres
--

CREATE TABLE public.analyse_ia_nlp_scores (
    analyse_ia_id bigint NOT NULL,
    score_value double precision,
    score_key character varying(255) NOT NULL
);


ALTER TABLE public.analyse_ia_nlp_scores OWNER TO postgres;

--
-- Name: analyseia; Type: TABLE; Schema: public; Owner: postgres
--

CREATE TABLE public.analyseia (
    id bigint NOT NULL,
    "catégorie_prévue" character varying(255),
    full_response jsonb,
    niveau_urgence character varying(255),
    priorite integer,
    "résumé" character varying(255)
);


ALTER TABLE public.analyseia OWNER TO postgres;

--
-- Name: analyseia_id_seq; Type: SEQUENCE; Schema: public; Owner: postgres
--

ALTER TABLE public.analyseia ALTER COLUMN id ADD GENERATED BY DEFAULT AS IDENTITY (
    SEQUENCE NAME public.analyseia_id_seq
    START WITH 1
    INCREMENT BY 1
    NO MINVALUE
    NO MAXVALUE
    CACHE 1
);


--
-- Name: categorie; Type: TABLE; Schema: public; Owner: postgres
--

CREATE TABLE public.categorie (
    id bigint NOT NULL,
    couleur character varying(255),
    nom character varying(255)
);


ALTER TABLE public.categorie OWNER TO postgres;

--
-- Name: categorie_id_seq; Type: SEQUENCE; Schema: public; Owner: postgres
--

ALTER TABLE public.categorie ALTER COLUMN id ADD GENERATED BY DEFAULT AS IDENTITY (
    SEQUENCE NAME public.categorie_id_seq
    START WITH 1
    INCREMENT BY 1
    NO MINVALUE
    NO MAXVALUE
    CACHE 1
);


--
-- Name: notification; Type: TABLE; Schema: public; Owner: postgres
--

CREATE TABLE public.notification (
    id bigint NOT NULL,
    date_time timestamp(6) without time zone,
    lue boolean,
    message character varying(255),
    utilisateur_id bigint,
    plainte_id bigint
);


ALTER TABLE public.notification OWNER TO postgres;

--
-- Name: notification_id_seq; Type: SEQUENCE; Schema: public; Owner: postgres
--

ALTER TABLE public.notification ALTER COLUMN id ADD GENERATED BY DEFAULT AS IDENTITY (
    SEQUENCE NAME public.notification_id_seq
    START WITH 1
    INCREMENT BY 1
    NO MINVALUE
    NO MAXVALUE
    CACHE 1
);


--
-- Name: plainte; Type: TABLE; Schema: public; Owner: postgres
--

CREATE TABLE public.plainte (
    id bigint NOT NULL,
    date_soumission timestamp(6) without time zone,
    description character varying(255),
    img_url character varying(255),
    localisation character varying(255),
    statut character varying(255),
    analyse_id bigint,
    categorie_id bigint,
    serveur_cible_id bigint,
    utilisateur_id bigint,
    latitude double precision,
    longitude double precision,
    priorite integer,
    zone character varying(255),
    analyse_ia_id bigint
);


ALTER TABLE public.plainte OWNER TO postgres;

--
-- Name: plainte_id_seq; Type: SEQUENCE; Schema: public; Owner: postgres
--

ALTER TABLE public.plainte ALTER COLUMN id ADD GENERATED BY DEFAULT AS IDENTITY (
    SEQUENCE NAME public.plainte_id_seq
    START WITH 1
    INCREMENT BY 1
    NO MINVALUE
    NO MAXVALUE
    CACHE 1
);


--
-- Name: serveur_cible; Type: TABLE; Schema: public; Owner: postgres
--

CREATE TABLE public.serveur_cible (
    id bigint NOT NULL,
    adresse character varying(255),
    nom character varying(255)
);


ALTER TABLE public.serveur_cible OWNER TO postgres;

--
-- Name: serveur_cible_id_seq; Type: SEQUENCE; Schema: public; Owner: postgres
--

ALTER TABLE public.serveur_cible ALTER COLUMN id ADD GENERATED BY DEFAULT AS IDENTITY (
    SEQUENCE NAME public.serveur_cible_id_seq
    START WITH 1
    INCREMENT BY 1
    NO MINVALUE
    NO MAXVALUE
    CACHE 1
);


--
-- Name: utilisateur; Type: TABLE; Schema: public; Owner: postgres
--

CREATE TABLE public.utilisateur (
    id bigint NOT NULL,
    cin character varying(255) NOT NULL,
    email character varying(255) NOT NULL,
    nom character varying(255),
    password character varying(255),
    prenom character varying(255),
    role character varying(255),
    expo_push_token character varying(255),
    CONSTRAINT utilisateur_role_check CHECK (((role)::text = ANY ((ARRAY['ADMIN'::character varying, 'CITOYEN'::character varying])::text[])))
);


ALTER TABLE public.utilisateur OWNER TO postgres;

--
-- Name: utilisateur_id_seq; Type: SEQUENCE; Schema: public; Owner: postgres
--

ALTER TABLE public.utilisateur ALTER COLUMN id ADD GENERATED BY DEFAULT AS IDENTITY (
    SEQUENCE NAME public.utilisateur_id_seq
    START WITH 1
    INCREMENT BY 1
    NO MINVALUE
    NO MAXVALUE
    CACHE 1
);


--
-- Data for Name: analyse_ia_nlp_scores; Type: TABLE DATA; Schema: public; Owner: postgres
--

COPY public.analyse_ia_nlp_scores (analyse_ia_id, score_value, score_key) FROM stdin;
1	0.9232379198074341	AGRESSION
1	0.04123726114630699	DECHETS
1	0.02986420877277851	CORRUPTION
1	0.0003532058035489172	VOIRIE
1	0.005307476036250591	AUTRES
2	0.1211576759815216	AGRESSION
2	0.031158866360783577	DECHETS
2	0.08894228935241699	CORRUPTION
2	0.7440401315689087	VOIRIE
2	0.014701029285788536	AUTRES
3	2.468327511451207e-05	AGRESSION
3	0.9144827723503113	DECHETS
3	0.08544474840164185	CORRUPTION
3	2.286350354552269e-05	VOIRIE
3	2.4978660803753883e-05	AUTRES
4	0.00037271869950927794	AGRESSION
4	0.9929971098899841	DECHETS
4	0.004824357572942972	CORRUPTION
4	0.00010143894178327173	VOIRIE
4	0.0017043681582435966	AUTRES
5	0.0002172590175177902	AGRESSION
5	0.9703906774520874	DECHETS
5	0.029194004833698273	CORRUPTION
5	5.6810695241438225e-05	VOIRIE
5	0.00014124297013040632	AUTRES
6	1.6612209947197698e-05	AGRESSION
6	0.006849424447864294	DECHETS
6	0.9456768035888672	CORRUPTION
6	0.004624790046364069	VOIRIE
6	0.042832404375076294	AUTRES
7	0.006667007692158222	AGRESSION
7	0.0003868125204462558	DECHETS
7	0.9916098713874817	CORRUPTION
7	0.001163648092187941	VOIRIE
7	0.0001727393682813272	AUTRES
8	0.015771815553307533	AGRESSION
8	0.001024568104185164	DECHETS
8	0.9817480444908142	CORRUPTION
8	0.0010521900840103626	VOIRIE
8	0.00040324259316548705	AUTRES
9	0.0021863828878849745	AGRESSION
9	0.027495987713336945	DECHETS
9	0.0006079460144974291	CORRUPTION
9	0.9644115567207336	VOIRIE
9	0.005298166070133448	AUTRES
10	0.6886127591133118	AGRESSION
10	0.0005107276956550777	DECHETS
10	0.0013234235811978579	CORRUPTION
10	0.30944767594337463	VOIRIE
10	0.00010538200149312615	AUTRES
11	0.999758780002594	AGRESSION
11	1.2811221495212521e-05	DECHETS
11	0.0001522578386357054	CORRUPTION
11	7.147979340516031e-05	VOIRIE
11	4.677262495533796e-06	AUTRES
12	9.550202548780362e-07	AGRESSION
12	6.466028139584523e-07	DECHETS
12	4.6947104692662833e-07	CORRUPTION
12	0.9999903440475464	VOIRIE
12	7.657920832571108e-06	AUTRES
13	1.816477606553235e-06	AGRESSION
13	8.63874902279349e-06	DECHETS
13	0.9999784231185913	CORRUPTION
13	6.200585858096019e-07	VOIRIE
13	1.0510595529922284e-05	AUTRES
14	2.316751078978996e-06	AGRESSION
14	0.9999912977218628	DECHETS
14	3.8196258174139075e-06	CORRUPTION
14	1.997023446165258e-06	VOIRIE
14	6.405688850463775e-07	AUTRES
15	0.6644557118415833	AGRESSION
15	0.002695072442293167	DECHETS
15	0.0891682431101799	CORRUPTION
15	0.21788747608661652	VOIRIE
15	0.025793511420488358	AUTRES
\.


--
-- Data for Name: analyseia; Type: TABLE DATA; Schema: public; Owner: postgres
--

COPY public.analyseia (id, "catégorie_prévue", full_response, niveau_urgence, priorite, "résumé") FROM stdin;
1	AGRESSION	{"scores": {"AUTRES": 0.005307476036250591, "VOIRIE": 0.0003532058035489172, "DECHETS": 0.04123726114630699, "AGRESSION": 0.9232379198074341, "CORRUPTION": 0.02986420877277851}, "priorite": 15, "categorie": "AGRESSION", "details_calcul": {"base": 15, "localisation": 0, "mots_urgences": 0, "specifique_categorie": 0}, "niveau_urgence": "medium"}	medium	15	\N
2	VOIRIE	{"scores": {"AUTRES": 0.014701029285788536, "VOIRIE": 0.7440401315689087, "DECHETS": 0.031158866360783577, "AGRESSION": 0.1211576759815216, "CORRUPTION": 0.08894228935241699}, "priorite": 13, "categorie": "VOIRIE", "details_calcul": {"base": 10, "localisation": 0, "mots_urgences": 3, "specifique_categorie": 0}, "niveau_urgence": "medium"}	medium	13	\N
3	DECHETS	{"scores": {"AUTRES": 0.000024978660803753883, "VOIRIE": 0.00002286350354552269, "DECHETS": 0.9144827723503113, "AGRESSION": 0.00002468327511451207, "CORRUPTION": 0.08544474840164185}, "priorite": 18, "categorie": "DECHETS", "details_calcul": {"base": 8, "localisation": 0, "mots_urgences": 0, "specifique_categorie": 10}, "niveau_urgence": "high"}	high	18	\N
4	DECHETS	{"scores": {"AUTRES": 0.0017043681582435966, "VOIRIE": 0.00010143894178327173, "DECHETS": 0.9929971098899841, "AGRESSION": 0.00037271869950927794, "CORRUPTION": 0.004824357572942972}, "priorite": 18, "categorie": "DECHETS", "details_calcul": {"base": 8, "localisation": 0, "mots_urgences": 0, "specifique_categorie": 10}, "niveau_urgence": "high"}	high	18	\N
5	DECHETS	{"scores": {"AUTRES": 0.00014124297013040632, "VOIRIE": 0.000056810695241438225, "DECHETS": 0.9703906774520874, "AGRESSION": 0.0002172590175177902, "CORRUPTION": 0.029194004833698273}, "priorite": 18, "categorie": "DECHETS", "details_calcul": {"base": 8, "localisation": 0, "mots_urgences": 0, "specifique_categorie": 10}, "niveau_urgence": "high"}	high	18	\N
6	CORRUPTION	{"scores": {"AUTRES": 0.042832404375076294, "VOIRIE": 0.004624790046364069, "DECHETS": 0.006849424447864294, "AGRESSION": 0.000016612209947197698, "CORRUPTION": 0.9456768035888672}, "priorite": 12, "categorie": "CORRUPTION", "details_calcul": {"base": 12, "localisation": 0, "mots_urgences": 0, "specifique_categorie": 0}, "niveau_urgence": "medium"}	medium	12	\N
7	CORRUPTION	{"scores": {"AUTRES": 0.0001727393682813272, "VOIRIE": 0.001163648092187941, "DECHETS": 0.0003868125204462558, "AGRESSION": 0.006667007692158222, "CORRUPTION": 0.9916098713874817}, "priorite": 12, "categorie": "CORRUPTION", "details_calcul": {"base": 12, "localisation": 0, "mots_urgences": 0, "specifique_categorie": 0}, "niveau_urgence": "medium"}	medium	12	\N
8	CORRUPTION	{"scores": {"AUTRES": 0.00040324259316548705, "VOIRIE": 0.0010521900840103626, "DECHETS": 0.001024568104185164, "AGRESSION": 0.015771815553307533, "CORRUPTION": 0.9817480444908142}, "priorite": 15, "categorie": "CORRUPTION", "details_calcul": {"base": 12, "localisation": 0, "mots_urgences": 3, "specifique_categorie": 0}, "niveau_urgence": "medium"}	medium	15	\N
9	VOIRIE	{"scores": {"AUTRES": 0.005298166070133448, "VOIRIE": 0.9644115567207336, "DECHETS": 0.027495987713336945, "AGRESSION": 0.0021863828878849745, "CORRUPTION": 0.0006079460144974291}, "priorite": 10, "categorie": "VOIRIE", "details_calcul": {"base": 10, "localisation": 0, "mots_urgences": 0, "specifique_categorie": 0}, "niveau_urgence": "medium"}	medium	10	\N
10	AGRESSION	{"scores": {"AUTRES": 0.00010538200149312615, "VOIRIE": 0.30944767594337463, "DECHETS": 0.0005107276956550777, "AGRESSION": 0.6886127591133118, "CORRUPTION": 0.0013234235811978579}, "priorite": 15, "categorie": "AGRESSION", "details_calcul": {"base": 15, "localisation": 0, "mots_urgences": 0, "specifique_categorie": 0}, "niveau_urgence": "medium"}	medium	15	\N
11	AGRESSION	{"scores": {"AUTRES": 0.000004677262495533796, "VOIRIE": 0.00007147979340516031, "DECHETS": 0.000012811221495212521, "AGRESSION": 0.999758780002594, "CORRUPTION": 0.0001522578386357054}, "priorite": 15, "categorie": "AGRESSION", "details_calcul": {"base": 15, "localisation": 0, "mots_urgences": 0, "specifique_categorie": 0}, "niveau_urgence": "medium"}	medium	15	\N
12	VOIRIE	{"scores": {"AUTRES": 0.000007657920832571108, "VOIRIE": 0.9999903440475464, "DECHETS": 0.0000006466028139584523, "AGRESSION": 0.0000009550202548780362, "CORRUPTION": 0.00000046947104692662833}, "priorite": 10, "categorie": "VOIRIE", "details_calcul": {"base": 10, "localisation": 0, "mots_urgences": 0, "specifique_categorie": 0}, "niveau_urgence": "medium"}	medium	10	\N
13	CORRUPTION	{"scores": {"AUTRES": 0.000010510595529922284, "VOIRIE": 0.0000006200585858096019, "DECHETS": 0.00000863874902279349, "AGRESSION": 0.000001816477606553235, "CORRUPTION": 0.9999784231185913}, "priorite": 12, "categorie": "CORRUPTION", "details_calcul": {"base": 12, "localisation": 0, "mots_urgences": 0, "specifique_categorie": 0}, "niveau_urgence": "medium"}	medium	12	\N
14	DECHETS	{"scores": {"AUTRES": 0.0000006405688850463775, "VOIRIE": 0.000001997023446165258, "DECHETS": 0.9999912977218628, "AGRESSION": 0.000002316751078978996, "CORRUPTION": 0.0000038196258174139075}, "priorite": 18, "categorie": "DECHETS", "details_calcul": {"base": 8, "localisation": 0, "mots_urgences": 0, "specifique_categorie": 10}, "niveau_urgence": "high"}	high	18	\N
15	AGRESSION	{"scores": {"AUTRES": 0.025793511420488358, "VOIRIE": 0.21788747608661652, "DECHETS": 0.002695072442293167, "AGRESSION": 0.6644557118415833, "CORRUPTION": 0.0891682431101799}, "priorite": 15, "categorie": "AGRESSION", "details_calcul": {"base": 15, "localisation": 0, "mots_urgences": 0, "specifique_categorie": 0}, "niveau_urgence": "medium"}	medium	15	\N
\.


--
-- Data for Name: categorie; Type: TABLE DATA; Schema: public; Owner: postgres
--

COPY public.categorie (id, couleur, nom) FROM stdin;
1	\N	DECHETS
2	\N	AGRESSION
3	\N	CORRUPTION
4	\N	VOIRIE
5	\N	AUTRES
\.


--
-- Data for Name: notification; Type: TABLE DATA; Schema: public; Owner: postgres
--

COPY public.notification (id, date_time, lue, message, utilisateur_id, plainte_id) FROM stdin;
\.


--
-- Data for Name: plainte; Type: TABLE DATA; Schema: public; Owner: postgres
--

COPY public.plainte (id, date_soumission, description, img_url, localisation, statut, analyse_id, categorie_id, serveur_cible_id, utilisateur_id, latitude, longitude, priorite, zone, analyse_ia_id) FROM stdin;
72	2025-05-06 22:10:57.426154	un voleur à coté de station bab lhed	https://via.placeholder.com/150	hhh	SOUMISE	55	4	\N	5	33.9997468	-6.8471035	15	Inconnu	\N
74	2025-05-06 22:12:21.268591	un voleur à coté de station bab lhed	https://via.placeholder.com/150	hhh	SOUMISE	57	4	\N	5	33.9997468	-6.8471035	15	Inconnu	\N
47	2025-05-06 18:02:17.882352	un voleur à coté de station bab lhed	https://via.placeholder.com/150	hhh	EN_COURS	30	2	\N	5	33.9997468	-6.8471035	15	Inconnu	\N
128	2025-05-28 16:08:33.706713	Dechets á 	\N	10000 Avenue Allal Al Fassi, , Rabat	RESOLUE	75	1	\N	6	33.984648	-6.8663281	18	مدينة العرفان	\N
136	2025-05-31 02:35:33.900822	Dechets à coté de bocadillos agdal 	https://res.cloudinary.com/dqlcaqjmg/image/upload/v1748655329/hdyk0hmum4qthinlrnmg.jpg	10000 Avenue Allal Al Fassi, , Rabat	REJETEE	\N	2	\N	6	33.9846464	-6.8663395	15	مدينة العرفان	1
139	2025-05-31 04:07:43.936217	Dechets tedt 1	\N	10000 Avenue Allal Al Fassi, , Rabat	SOUMISE	\N	1	\N	6	33.9846537	-6.8663259	18	مدينة العرفان	4
142	2025-05-31 04:10:54.411061	Urgent corruption à côte de lycée moulay youssef	\N	Route Sans Nom, , Rabat	SOUMISE	\N	3	\N	6	33.9846523	-6.8662657	12	مدينة العرفان	7
144	2025-05-30 23:20:00	Bruits excessifs dans la nuit près des cafés	https://exemple.com/images/bruit1.jpg	Rue Abdelmoumen, Agdal	\N	\N	\N	\N	\N	33.5935	-7.6011	\N	Agdal	\N
145	2025-05-29 10:45:00	Dépôt sauvage d’ordures à côté du marché central	https://exemple.com/images/dechets1.jpg	Avenue Hassan II, Agdal	\N	\N	\N	\N	\N	33.5898	-7.6102	\N	Agdal	\N
146	2025-05-31 08:50:00	Accident mineur impliquant deux voitures à un carrefour	https://exemple.com/images/accident1.jpg	Boulevard Mohammed V, Agdal	\N	\N	\N	\N	\N	33.589	-7.603	\N	Agdal	\N
147	2025-05-28 20:10:00	Éclairage public défaillant causant un manque de visibilité	https://exemple.com/images/eclairage1.jpg	Place des Nations Unies, Agdal	\N	\N	\N	\N	\N	33.592	-7.6055	\N	Agdal	\N
150	2025-06-02 14:35:37.919394	Un homme m'a volé mon téléphone près du lycée	https://res.cloudinary.com/dqlcaqjmg/image/upload/v1748871335/rb5lmrqt5bjzktwfgz34.jpg	Route Sans Nom, , Rabat	SOUMISE	\N	2	\N	6	33.9846553	-6.8662455	15	مدينة العرفان	11
154	2025-06-02 15:50:19.66151	Un homme m'a volé mon téléphone près du campus terminus al irfane	https://res.cloudinary.com/dqlcaqjmg/image/upload/v1748875816/m2abklwc02iavhhhjkzy.jpg	Route Sans Nom, , Rabat	SOUMISE	\N	2	\N	6	33.9846554	-6.866299	15	مدينة العرفان	15
152	2025-06-02 14:36:42.587896	Un agent de sécurité m'a demandé de l'argent pour entrer.	https://res.cloudinary.com/dqlcaqjmg/image/upload/v1748871400/u7ixm8pgyryqt4ej3xek.jpg	Route Sans Nom, , Rabat	RESOLUE	\N	3	\N	6	33.9846553	-6.8662455	12	مدينة العرفان	13
45	2025-05-06 17:58:51.120422	un voleur à coté de station bab lhed	https://via.placeholder.com/150	hhh	SOUMISE	28	2	\N	5	34	-6.83	15	Inconnu	\N
46	2025-05-06 18:01:30.159326	un voleur à coté de station bab lhed	https://via.placeholder.com/150	hhh	SOUMISE	29	2	\N	5	33.9997468	-6.8471035	15	Inconnu	\N
48	2025-05-06 18:04:29.020518	un voleur à coté de station bab lhed	https://via.placeholder.com/150	hhh	SOUMISE	31	2	\N	5	33.9997468	-6.8471035	15	Inconnu	\N
49	2025-05-06 18:04:30.870934	un voleur à coté de station bab lhed	https://via.placeholder.com/150	hhh	SOUMISE	32	2	\N	5	33.9997468	-6.8471035	15	Inconnu	\N
59	2025-05-06 18:23:41.37133	un voleur à coté de station bab lhed	https://via.placeholder.com/150	hhh	SOUMISE	42	2	\N	5	33.9997468	-6.8471035	15	Inconnu	\N
60	2025-05-06 18:28:07.769739	un voleur à coté de station bab lhed	https://via.placeholder.com/150	hhh	SOUMISE	43	2	\N	5	33.9997468	-6.8471035	15	Inconnu	\N
61	2025-05-06 18:29:20.586257	un voleur à coté de station bab lhed	https://via.placeholder.com/150	hhh	SOUMISE	44	2	\N	5	33.9997468	-6.8471035	15	Inconnu	\N
62	2025-05-06 18:32:42.9466	un voleur à coté de station bab lhed	https://via.placeholder.com/150	hhh	SOUMISE	45	2	\N	5	33.9997468	-6.8471035	15	Inconnu	\N
63	2025-05-06 18:32:46.101334	un voleur à coté de station bab lhed	https://via.placeholder.com/150	hhh	SOUMISE	46	2	\N	5	33.9997468	-6.8471035	15	Inconnu	\N
64	2025-05-06 18:35:26.896105	un voleur à coté de station bab lhed	https://via.placeholder.com/150	hhh	SOUMISE	47	2	\N	5	33.9997468	-6.8471035	15	Inconnu	\N
65	2025-05-06 18:37:46.397565	un voleur à coté de station bab lhed	https://via.placeholder.com/150	hhh	SOUMISE	48	2	\N	5	33.9997468	-6.8471035	15	Inconnu	\N
66	2025-05-06 18:37:53.502092	un voleur à coté de station bab lhed	https://via.placeholder.com/150	hhh	SOUMISE	49	2	\N	5	33.9997468	-6.8471035	15	Inconnu	\N
67	2025-05-06 18:39:35.209258	un voleur à coté de station bab lhed	https://via.placeholder.com/150	hhh	SOUMISE	50	2	\N	5	33.9997468	-6.8471035	15	Inconnu	\N
69	2025-05-06 18:40:43.274146	un voleur à coté de station bab lhed	https://via.placeholder.com/150	hhh	SOUMISE	52	2	\N	5	33.9997468	-6.8471035	15	Inconnu	\N
71	2025-05-06 18:42:15.837679	un voleur à coté de station bab lhed	https://via.placeholder.com/150	hhh	SOUMISE	54	2	\N	5	33.9997468	-6.8471035	15	Inconnu	\N
77	2025-05-06 22:23:45.381785	un voleur à coté de station bab lhed	https://via.placeholder.com/150	\N	SOUMISE	60	2	\N	5	33.9997468	-6.8471035	15	Inconnu	\N
78	2025-05-06 22:24:51.349248	un voleur à coté de station bab lhed	https://via.placeholder.com/150	\N	SOUMISE	61	2	\N	5	38	-6	15	Inconnu	\N
76	2025-05-06 22:19:36.972898	un voleur à coté de station bab lhed	https://via.placeholder.com/150	\N	SOUMISE	59	4	\N	5	33.9997468	-6.8471035	15	Inconnu	\N
80	2025-05-06 22:31:03.410213	un voleur à coté de station bab lhed	https://via.placeholder.com/150	\N	SOUMISE	63	2	\N	5	33.9997468	6.8471035	15	Inconnu	\N
81	2025-05-06 22:33:13.366947	un voleur à coté de station bab lhed	https://via.placeholder.com/150	\N	SOUMISE	64	2	\N	5	33.9997468	6.8471035	15	Inconnu	\N
70	2025-05-06 18:42:09.296613	un voleur à coté de station bab lhed	https://via.placeholder.com/150	hhh	SOUMISE	53	4	\N	5	33.9997468	-6.8471035	15	Inconnu	\N
84	2025-05-06 22:55:24.957551	un voleur à coté de station bab lhed	https://via.placeholder.com/150	\N	SOUMISE	67	2	\N	5	33.9997316	-6.8468692	15	Inconnu	\N
68	2025-05-06 18:39:39.17999	un voleur à coté de station bab lhed	https://via.placeholder.com/150	hhh	SOUMISE	51	4	\N	5	33.9997468	-6.8471035	15	Inconnu	\N
75	2025-05-06 22:16:49.078261	un voleur à coté de station bab lhed	https://via.placeholder.com/150	\N	SOUMISE	58	4	\N	5	33.9997468	-6.8471035	15	Inconnu	\N
73	2025-05-06 22:12:08.936561	un voleur à coté de station bab lhed	https://via.placeholder.com/150	hhh	SOUMISE	56	4	\N	5	33.9997468	-6.8471035	15	Inconnu	\N
52	2025-05-06 18:10:36.402176	un voleur à coté de station bab lhed	https://via.placeholder.com/150	hhh	SOUMISE	35	4	\N	5	33.9997468	-6.8471035	15	Inconnu	\N
50	2025-05-06 18:07:51.552172	un voleur à coté de station bab lhed	https://via.placeholder.com/150	hhh	SOUMISE	33	4	\N	5	33.9997468	-6.8471035	15	Inconnu	\N
86	2025-05-06 23:02:46.105694	un voleur à coté de station bab lhed	https://via.placeholder.com/150	hhh	RESOLUE	69	2	\N	5	33.9840478	-6.8666702	15	مدينة العرفان	\N
82	2025-05-06 22:33:17.756205	un voleur à coté de station bab lhed	https://via.placeholder.com/150	\N	REJETEE	65	2	\N	5	33.9997468	6.8471035	15	Inconnu	\N
137	2025-05-31 18:21:06.193	Dechets et plastique dangereux à rabat irfane	https://res.cloudinary.com/dqlcaqjmg/image/upload/v1748658063/yuij6tsrgst8esvbbxmg.jpg	10000 Avenue Allal Al Fassi, , Rabat	RESOLUE	\N	4	\N	6	33.984657	-6.8661637	13	مدينة العرفان	2
85	2025-05-31 18:23:06.193	un voleur à coté de station bab lhed	https://via.placeholder.com/150	\N	RESOLUE	68	2	\N	5	33.9997316	-6.8468692	15	Agdal	\N
148	2025-06-01 19:22:29.889792	Dechets test plainte notif	\N	, , Rabat	REJETEE	\N	4	\N	7	33.98198198198198	-6.866379402616152	10	مدينة العرفان	9
140	2025-05-31 18:22:06.193	Dechets	\N	10000 Avenue Allal Al Fassi, , Rabat	EN_COURS	\N	1	\N	6	33.9846537	-6.8663259	18	مدينة العرفان	5
151	2025-06-02 14:36:05.637113	La chaussée est cassée, impossible de passer en voiture.	https://res.cloudinary.com/dqlcaqjmg/image/upload/v1748871363/cszip0vmr0n8flgty6jm.jpg	Route Sans Nom, , Rabat	SOUMISE	\N	4	\N	6	33.9846553	-6.8662455	10	مدينة العرفان	12
126	2025-05-28 15:16:36.251446	Dechets 	\N	Route Sans Nom, , Rabat	SOUMISE	73	1	\N	6	33.9846551	-6.8662845	18	مدينة العرفان	\N
153	2025-06-02 14:37:07.550563	Les ordures s'accumulent dans la rue sans ramassage.	https://res.cloudinary.com/dqlcaqjmg/image/upload/v1748871425/mnc4sbnwhhoel2hjpznn.jpg	Route Sans Nom, , Rabat	EN_COURS	\N	1	\N	6	33.9846553	-6.8662455	18	مدينة العرفان	14
127	2025-05-28 15:20:57.551728	Déchets à coté de imane	https://res.cloudinary.com/dqlcaqjmg/image/upload/v1748442054/ylkt8yfsrji4u2giybcq.jpg	10000 Avenue Allal Al Fassi, , Rabat	REJETEE	74	1	\N	6	33.9846563	-6.86633	18	مدينة العرفان	\N
135	2025-05-30 23:16:59.965408	Ma plainte est sur les déchets à coté de rabat ville la gare	https://res.cloudinary.com/dqlcaqjmg/image/upload/v1748643411/bxhakagxucvfkofaivgf.jpg	10000 Avenue Allal Al Fassi, , Rabat	SOUMISE	76	1	\N	6	33.9846496	-6.8663056	18	مدينة العرفان	\N
83	2025-05-06 22:53:00.349156	un voleur à coté de station bab lhed	https://via.placeholder.com/150	\N	RESOLUE	66	2	\N	5	33.9997316	-6.8468692	15	Inconnu	\N
79	2025-05-06 22:27:32.029401	un voleur à coté de station bab lhed	https://via.placeholder.com/150	\N	RESOLUE	62	2	\N	5	33.9997468	6.8471035	15	Inconnu	\N
138	2025-05-31 03:28:02.399432	Dechets dechets	\N	10000 Avenue Allal Al Fassi, , Rabat	EN_COURS	\N	1	\N	6	33.9846553	-6.8663285	18	مدينة العرفان	3
141	2025-05-31 04:09:18.604397	Corruption école	\N	10000 Avenue Allal Al Fassi, , Rabat	SOUMISE	\N	3	\N	6	33.9846537	-6.8663259	12	مدينة العرفان	6
101	2025-04-29 09:20:00	\N	\N	\N	\N	\N	4	\N	\N	33.972841	-6.852347	\N	Hay Riad	\N
98	2025-04-26 11:30:00	\N	\N	\N	\N	\N	1	\N	\N	33.998541	-6.845214	\N	Agdal	\N
97	2025-04-25 10:00:00	\N	\N	\N	\N	\N	1	\N	\N	33.999731	-6.846869	\N	Agdal	\N
104	2025-05-03 10:45:00	\N	\N	\N	\N	\N	2	\N	\N	33.998923	-6.846102	\N	Agdal	\N
105	2025-05-04 13:15:00	\N	\N	\N	\N	\N	3	\N	\N	34.026541	-6.824567	\N	Hassan	\N
109	2025-05-06 16:45:00	\N	\N	\N	\N	\N	1	\N	\N	33.999123	-6.845678	\N	Agdal	\N
108	2025-05-06 14:00:00	\N	\N	\N	\N	\N	1	\N	\N	33.981234	-6.872345	\N	مدينة العرفان	\N
102	2025-05-01 11:00:00	\N	\N	\N	\N	\N	1	\N	\N	33.999832	-6.847012	\N	Agdal	\N
103	2025-05-02 15:30:00	\N	\N	\N	\N	\N	1	\N	\N	33.997654	-6.844789	\N	Agdal	\N
107	2025-05-06 08:30:00	\N	\N	\N	\N	\N	2	\N	\N	33.966327	-6.861234	\N	Souissi	\N
99	2025-04-27 14:15:00	\N	\N	\N	\N	\N	2	\N	\N	34.025634	-6.823215	\N	Hassan	\N
124	2025-05-28 15:11:22.578	Dechets à coté de terminus tram irfane	https://res.cloudinary.com/dqlcaqjmg/image/upload/v1748441479/dmrc6feobu76pq9li6mr.jpg	10000 Avenue Allal Al Fassi, , Rabat	SOUMISE	71	2	\N	6	33.9846442	-6.8663282	15	مدينة العرفان	\N
143	2025-05-31 04:16:27.394027	Urgent corruption à coté de hôpital moulay youssef maintenant.	\N	Route Sans Nom, , Rabat	EN_COURS	\N	3	\N	6	33.9846508	-6.8662932	15	مدينة العرفان	8
149	2025-06-02 00:08:37.222354	Yfyghhjgg	\N	Avenue Regragui, , Rabat	EN_COURS	\N	2	\N	6	33.9840868	-6.8669124	15	مدينة العرفان	10
\.


--
-- Data for Name: serveur_cible; Type: TABLE DATA; Schema: public; Owner: postgres
--

COPY public.serveur_cible (id, adresse, nom) FROM stdin;
\.


--
-- Data for Name: utilisateur; Type: TABLE DATA; Schema: public; Owner: postgres
--

COPY public.utilisateur (id, cin, email, nom, password, prenom, role, expo_push_token) FROM stdin;
1	FA205659	amine@gmail.com	Amine	$2a$10$VDbSUwEkEN6iTJNZiUoh6eCBjBUaP/As1NPu98yWP4DNxVgT.u.cO	Ben	CITOYEN	\N
4	FA206060	amine1@gmail.com	Amine1	$2a$10$ga1rl1ciT5zuDfuAvLqF5eiI6RyoBGwVAC1DrWLgrmFdvvSDVrXRu	Ben1	CITOYEN	\N
5	FA205669	cbouazza820@gmail.com	Chaymae	$2a$10$rIyq4iL/N0pw0D61udi94.lqL.uUVibjylxuXgMsQa/KgHqNexHl2	Bouazza	CITOYEN	\N
6	Fa202929	chaimae91@gmail.com	Chaymae	$2a$10$mb8g6ZSQz3A5yI/mFfmuRey7kLt8EX9XSPmsxD6NE1JhaJk2rBDwy	Bouazza	CITOYEN	ExponentPushToken[vpdMhcHJBEgzWaEFGuDdhr]
7	Fa202577	admintest@gmail.com	ADMIN	$2a$10$FupGHaZK621AldQq8MpTluHSqMkglNbgPX7.ZIVKMFT.hsEbEk6Oe	Admin	ADMIN	ExponentPushToken[vpdMhcHJBEgzWaEFGuDdhr]
\.


--
-- Name: analyseia_id_seq; Type: SEQUENCE SET; Schema: public; Owner: postgres
--

SELECT pg_catalog.setval('public.analyseia_id_seq', 15, true);


--
-- Name: categorie_id_seq; Type: SEQUENCE SET; Schema: public; Owner: postgres
--

SELECT pg_catalog.setval('public.categorie_id_seq', 5, true);


--
-- Name: notification_id_seq; Type: SEQUENCE SET; Schema: public; Owner: postgres
--

SELECT pg_catalog.setval('public.notification_id_seq', 1, false);


--
-- Name: plainte_id_seq; Type: SEQUENCE SET; Schema: public; Owner: postgres
--

SELECT pg_catalog.setval('public.plainte_id_seq', 154, true);


--
-- Name: serveur_cible_id_seq; Type: SEQUENCE SET; Schema: public; Owner: postgres
--

SELECT pg_catalog.setval('public.serveur_cible_id_seq', 1, false);


--
-- Name: utilisateur_id_seq; Type: SEQUENCE SET; Schema: public; Owner: postgres
--

SELECT pg_catalog.setval('public.utilisateur_id_seq', 7, true);


--
-- Name: analyse_ia_nlp_scores analyse_ia_nlp_scores_pkey; Type: CONSTRAINT; Schema: public; Owner: postgres
--

ALTER TABLE ONLY public.analyse_ia_nlp_scores
    ADD CONSTRAINT analyse_ia_nlp_scores_pkey PRIMARY KEY (analyse_ia_id, score_key);


--
-- Name: analyseia analyseia_pkey; Type: CONSTRAINT; Schema: public; Owner: postgres
--

ALTER TABLE ONLY public.analyseia
    ADD CONSTRAINT analyseia_pkey PRIMARY KEY (id);


--
-- Name: categorie categorie_pkey; Type: CONSTRAINT; Schema: public; Owner: postgres
--

ALTER TABLE ONLY public.categorie
    ADD CONSTRAINT categorie_pkey PRIMARY KEY (id);


--
-- Name: notification notification_pkey; Type: CONSTRAINT; Schema: public; Owner: postgres
--

ALTER TABLE ONLY public.notification
    ADD CONSTRAINT notification_pkey PRIMARY KEY (id);


--
-- Name: plainte plainte_pkey; Type: CONSTRAINT; Schema: public; Owner: postgres
--

ALTER TABLE ONLY public.plainte
    ADD CONSTRAINT plainte_pkey PRIMARY KEY (id);


--
-- Name: serveur_cible serveur_cible_pkey; Type: CONSTRAINT; Schema: public; Owner: postgres
--

ALTER TABLE ONLY public.serveur_cible
    ADD CONSTRAINT serveur_cible_pkey PRIMARY KEY (id);


--
-- Name: plainte uk6jtfdd5cyu1qi9304gr4i6o5h; Type: CONSTRAINT; Schema: public; Owner: postgres
--

ALTER TABLE ONLY public.plainte
    ADD CONSTRAINT uk6jtfdd5cyu1qi9304gr4i6o5h UNIQUE (analyse_id);


--
-- Name: plainte ukbgp2cmlugyf52hc5b3j9pb75k; Type: CONSTRAINT; Schema: public; Owner: postgres
--

ALTER TABLE ONLY public.plainte
    ADD CONSTRAINT ukbgp2cmlugyf52hc5b3j9pb75k UNIQUE (analyse_ia_id);


--
-- Name: utilisateur ukewdr1enik7pioy1xd2wcmulp0; Type: CONSTRAINT; Schema: public; Owner: postgres
--

ALTER TABLE ONLY public.utilisateur
    ADD CONSTRAINT ukewdr1enik7pioy1xd2wcmulp0 UNIQUE (cin);


--
-- Name: utilisateur ukrma38wvnqfaf66vvmi57c71lo; Type: CONSTRAINT; Schema: public; Owner: postgres
--

ALTER TABLE ONLY public.utilisateur
    ADD CONSTRAINT ukrma38wvnqfaf66vvmi57c71lo UNIQUE (email);


--
-- Name: utilisateur utilisateur_pkey; Type: CONSTRAINT; Schema: public; Owner: postgres
--

ALTER TABLE ONLY public.utilisateur
    ADD CONSTRAINT utilisateur_pkey PRIMARY KEY (id);


--
-- Name: notification fk1e85ddpswdf3uq1oaklnjiucf; Type: FK CONSTRAINT; Schema: public; Owner: postgres
--

ALTER TABLE ONLY public.notification
    ADD CONSTRAINT fk1e85ddpswdf3uq1oaklnjiucf FOREIGN KEY (utilisateur_id) REFERENCES public.utilisateur(id);


--
-- Name: plainte fk5dhyc81fmvintwceog77qh8lu; Type: FK CONSTRAINT; Schema: public; Owner: postgres
--

ALTER TABLE ONLY public.plainte
    ADD CONSTRAINT fk5dhyc81fmvintwceog77qh8lu FOREIGN KEY (analyse_ia_id) REFERENCES public.analyseia(id);


--
-- Name: plainte fk6kyhtdm40delncgb0sa287b92; Type: FK CONSTRAINT; Schema: public; Owner: postgres
--

ALTER TABLE ONLY public.plainte
    ADD CONSTRAINT fk6kyhtdm40delncgb0sa287b92 FOREIGN KEY (categorie_id) REFERENCES public.categorie(id);


--
-- Name: plainte fkcemwefajjq6wuuyt5vq5faevo; Type: FK CONSTRAINT; Schema: public; Owner: postgres
--

ALTER TABLE ONLY public.plainte
    ADD CONSTRAINT fkcemwefajjq6wuuyt5vq5faevo FOREIGN KEY (utilisateur_id) REFERENCES public.utilisateur(id);


--
-- Name: plainte fkg5ma4p2hcgrbi5jvyd6jfotvt; Type: FK CONSTRAINT; Schema: public; Owner: postgres
--

ALTER TABLE ONLY public.plainte
    ADD CONSTRAINT fkg5ma4p2hcgrbi5jvyd6jfotvt FOREIGN KEY (serveur_cible_id) REFERENCES public.serveur_cible(id);


--
-- Name: notification fkgebsnudcopdlejb2sv86v0q7w; Type: FK CONSTRAINT; Schema: public; Owner: postgres
--

ALTER TABLE ONLY public.notification
    ADD CONSTRAINT fkgebsnudcopdlejb2sv86v0q7w FOREIGN KEY (plainte_id) REFERENCES public.plainte(id);


--
-- PostgreSQL database dump complete
--

